"Test Level","Year Code","Test Site","Test Level","Sequence No.","Full Name","Sex","DOB Year","DOB Month","DOB Day","Password","Native Language","Learning Place","Reason","Occupation","Occupation Details","Media",	"With Teachers",	"With Friends","With Family","With Supervisor","With Colleagues","With Customers","Times Taking N1","Times Taking N2","Times Taking N3","Times Taking N4","Times Taking N5","Latest N1 Result","Latest N2 Result","Latest N3 Result","Latest N4 Result","Latest N5 Result"
"5","23A","4010301","5","0001","EMERALDINE HELIENA ABENDANIO","F","2005",08,23,"50328011","128","2","6","2","","123 567  ","1234 ","1 34 ","    5","    5","    5","    5","0","0","0","0","0","0","0","0","0","0"
"3","23A","4010301","3","0001","MARY AGUILAR","F","2000",01,01,"Forjapanese2023","408","4","6","3",""," 23 56 8 ","1234 ","    5","    5","    5","    5","    5","0","0","0","0","0","0","0","0","0","0"
"2","23A","4010301","2","0001","ALEXANDER ANAYA-PAIERO","M","1989",10,29,"19900921","408","5","1","5","6","1 34 67  "," 234 ","    5","    5","    5","    5","1    ","0","0","2","1","0","0","0","1","1","0"
"3","23A","4010301","3","0002","JOHN ANDERSON","M","1990",05,21,"34007465","408","6","6","5","6","123 5 7  ","    5","    5","1    ","    5","    5","    5","0","0","1","1","1","0","0","2","2","1"
"1","23A","4010301","1","0001","MASATO AOYAMA","M","2006",05,23,"12191219","408","5","7","2","","123 567  ","1234 ","1234 ","1234 ","    5","    5","    5","0","0","0","0","0","0","0","0","0","0"
"5","23A","4010301","5","0002","MIRANDA APESLAND","F","2023",04,16,"Dude1234!","408","4","7","6",""," 23      ","12345","    5","    5","    5","    5","    5","0","0","0","0","0","0","0","0","0","0"
"4","23A","4010301","4","0001","KOBI TROY AYRAN","M","1998",03,20,"0320981801","128","4","7","5","6","  3 56   ","1    ","    5","    5","    5","    5","    5","0","0","0","0","0","0","0","0","0","0"
"4","23A","4010301","4","0002","LEIGHA BABINEAU","F","2005",11,30,"85226012","408","2","7","2","","123 567  ","1234 ","1234 ","1234 ","    5","    5","    5","0","0","0","0","0","0","0","0","0","0"
"5","23A","4010301","5","0003","MONICA BABINEAU OHAGAN","F","1975",11,18,"85226012","408","4","6","5","4","12  5 7  "," 234 ","1234 ","1234 ","    5","    5","    5","0","0","0","0","0","0","0","0","0","0"
"4","23A","4010301","4","0003","DWANE BACAK","M","1972",01,07,"Cassie1qaz","408","5","7","5","6","1  4  7  ","    5","    5","    5","    5","    5","    5","0","0","0","0","0","0","0","0","0","0"
"1","23A","4010301","1","0002","JUZHENG BAI","M","2000",10,08,"App92345","107","5","2","3","","1 345    ","1234 "," 234 ","    5","    5","    5","    5","0","1","0","0","0","0","1","0","0","0"
"3","23A","4010301","3","0003","KEEGAN BAJC","M","2003",04,05,"20190817","408","6","2","5","6","1 34 678 ","   4 ","1234 ","    5","    5","    5","    5","0","0","0","0","0","0","0","0","0","0"
"3","23A","4010301","3","0004","MORRIS BAKER","M","1994",05,31,"Gaston1@","408","6","7","5","6","123 5678 ","    5","1234 ","1234 ","    5","    5","    5","0","0","0","0","0","0","0","0","0","0"
"1","23A","4010301","1","0003","ANDY BALLARD","M","1998",05,18,"54952000","408","3","6","5","6","123 567  ","1234 ","1234 ","1234 ","    5","    5","    5","0","0","0","0","0","0","0","0","0","0"
"2","23A","4010301","2","0002","AYOMIDE BAMGBOSE","F","2000",10,15,"16092013","408","6","5","5","","1234 67  ","1234 ","1234 ","    5","    5","1234 ","    5","0","0","1","0","0","0","0","1","0","0"
"3","23A","4010301","3","0005","MACK BANNATYNE","M","2001",08,21,"Bearspaw21","408","6","7","3",""," 234567  ","    5","    5","    5","    5","    5","    5","0","0","0","0","0","0","0","0","0","0"
"4","23A","4010301","4","0004","BRAEDEN BARLOW","M","1998",10,31,"Hersheys1","408","3","4","3","","  3 567  ","1234 ","1234 ","    5","    5","1234 ","    5","0","0","0","1","1","0","0","0","2","1"
"2","23A","4010301","2","0003","ELLA BARTON","F","2002",12,13,"33434326","408","3","5","3","","1234567  ","1    ","1234 ","    5","    5","    5","    5","0","0","0","0","0","0","0","0","0","0"
"5","23A","4010301","5","0004","SIANNE BASSINGTHWAITE","F","2002",08,22,"Canadiangirl27","408","6","7","3",""," 23 56   ","    5","  3  ","    5","    5","    5","    5","0","0","0","0","0","0","0","0","0","0"
"4","23A","4010301","4","0005","RUI JORGE BADARACO BASTO DA SILVA","M","1979",07,18,"12345678","424","6","2","6","","12   6   ","    5","    5","    5","    5","    5","    5","0","0","0","2","1","0","0","0","2","1"
"4","23A","4010301","4","0006","HAROLD BATSCHE","M","2000",12,21,"2Eyefish","408","6","4","5","6","1 34567  ","    5","1 34 ","    5","    5","    5","    5","0","0","0","0","0","0","0","0","0","0"
"3","23A","4010301","3","0006","KELLY BEAVERS","F","2000",01,12,"36057369","408","4","7","5","6","      7  "," 23  ","    5","    5","    5","    5","    5","0","0","0","0","1","0","0","0","0","1"
"5","23A","4010301","5","0005","PAIGE BERRYMAN","F","1997",05,07,"86753091","408","6","7","5","6","  3  678 ","    5","    5","    5","    5","    5","    5","0","0","0","0","0","0","0","0","0","0"
"5","23A","4010301","5","0006","BRET BETNAR","M","1988",09,03,"56725635","408","5","7","5","5","  3 5678 ","1234 ","  34 ","    5","    5","    5","    5","0","0","0","0","0","0","0","0","0","0"
"5","23A","4010301","5","0007","KATIE BINER","F","2003",10,23,"00102303","408","6","7","5","6"," 23  67  ","    5","    5","    5","    5","    5","    5","0","0","0","0","1","0","0","0","0","2"
"1","23A","4010301","1","0004","DAN BORGERDING","M","1985",02,09,"33713985","408","4","5","3",""," 23  6 8 ","1234 ","    5","    5","    5","    5","    5","1","0","0","0","0","2","0","0","0","0"
"5","23A","4010301","5","0008","SERGEI BORJA","M","1998",07,01,"Awdasd123","408","4","6","3","","123 567  ","    5","    5","    5","    5","    5","    5","0","0","0","0","0","0","0","0","0","0"
"4","23A","4010301","4","0007","CHRYSTAL BRIM","F","1970",01,11,"Chrystal","409","6","7","5","6","12 45    ","12   ","12   ","12   ","12   ","12   ","12   ","0","0","1","0","0","0","0","1","0","0"
"1","23A","4010301","1","0005","LIWEN CAI","F","1988",01,19,"88789655","107","5","8","6",""," 2     8 ","1234 ","    5","    5","    5","    5","    5","1","1","1","0","0","2","1","1","0","0"
"4","23A","4010301","4","0008","JIALIANG CAO","M","1995",06,18,"leo950618","107","6","6","5",""," 23      ","    5","    5","    5","    5","    5","    5","0","0","0","0","1","0","0","0","0","1"
"4","23A","4010301","4","0009","JIARUI CAO","M","1999",05,31,"R531417r#","107","6","7","3","","        9","    5","    5","    5","    5","    5","    5","0","0","0","0","0","0","0","0","0","0"
"2","23A","4010301","2","0004","XILIN CAO","M","1998",12,19,"Cxl1998#","107","6","4","5","6","1234567  ","  3  "," 2   ","    5","    5","    5","    5","0","1","0","0","0","0","2","0","0","0"
"3","23A","4010301","3","0007","KIP CARNAHAN","M","2005",08,24,"Japan2023","408","2","7","2","","1 3  67  ","1    ","    5","    5","    5","    5","    5","0","0","0","0","0","0","0","0","0","0"
"5","23A","4010301","5","0009","HUNTER CARR","M","1999",12,02,"Snappers","408","4","2","3","","  3  678 ","1234 ","12   ","    5","    5"," 2   ","    5","0","0","0","0","0","0","0","0","0","0"
"2","23A","4010301","2","0005","REUBEN CASIMONG","M","1998",05,02,"Bridge43","408","6","6","5","6","1 3 5678 ","    5","    5","    5","    5","    5","    5","0","0","0","0","0","0","0","0","0","0"
"2","23A","4010301","2","0006","ALEX CHAN","M","1999",03,30,"72943816757d","107","4","6","3","","123      ","1234 ","12 4 ","    5","    5","    5","    5","0","0","1","0","0","0","0","1","0","0"
"2","23A","4010301","2","0007","SHEUNG YIN CHAN","M","1999",10,26,"96385200","0","6","7","3","","  34 678 ","    5","    5","    5","    5","    5","    5","0","0","1","0","0","0","0","1","0","0"
"4","23A","4010301","4","0010","ANSH CHAVDA","M","2006",03,23,"0881693","408","2","7","2",""," 23  67  ","1234 ","1  4 ","    5","    5","    5","    5","0","0","0","0","0","0","0","0","0","0"
"1","23A","4010301","1","0006","JIAMIN CHEN","M","1999",09,27,"88268816","107","4","2","5","6","  3 567  ","1234 ","    5","    5","    5","    5","    5","1","0","0","0","0","2","0","0","0","0"
"3","23A","4010301","3","0008","MENGYU CHEN","F","1997",10,16,"109167LL","107","4","2","3",""," 2   6   ","1    ","   4 ","    5","    5","12   ","    5","0","0","0","0","0","0","0","0","0","0"
"3","23A","4010301","3","0009","TIANXIN CHEN","M","1999",09,16,"19990916","107","4","7","3","","  3      ","1    ","    5","    5","    5","    5","    5","0","0","0","0","1","0","0","0","0","1"
"1","23A","4010301","1","0007","YUANZHI CHEN","M","1998",10,13,"1556203C","107","3","6","3","","1234567  ","1234 ","1234 ","    5","1234 ","1234 ","1234 ","0","1","0","0","0","0","1","0","0","0"
"1","23A","4010301","1","0008","CHEUK KIU CHENG","F","1995",12,07,"19951207Qaz","107","4","3","6",""," 2     8 ","1    "," 2   ","1    "," 2   ","   4 ","  3  ","2","1","1","3","0","0","1","1","0","0"
"4","23A","4010301","4","0011","CHUN PUI CHEUNG","M","1994",10,29,"98794984","107","6","7","6",""," 23      ","123  ","    5","    5","    5","    5","    5","0","0","1","1","1","0","0","2","2","1"
"2","23A","4010301","2","0008","JESSICA CHILDRESS","F","2001",05,11,"20Dumplings!","408","3","5","3","","1234567  ","1234 ","1234 ","    5","    5","    5","    5","0","0","0","0","0","0","0","0","0","0"
"2","23A","4010301","2","0009","CINDY CHIU","F","2000",10,14,"cindy891014","107","4","5","4","","1234567  ","1234 ","1234 ","    5","1234 ","1234 "," 2   ","0","0","0","0","0","0","0","0","0","0"
"1","23A","4010301","1","0009","WILLIAM CHIU","M","1999",04,29,"speed042","408","6","5","3","","1234567  ","1234 ","1234 ","    5","    5","1234 ","  34 ","0","1","1","1","0","0","1","1","2","0"
"3","23A","4010301","3","0010","HOWARD CHOI","M","1956",09,25,"America1","119","6","7","5","5","        9","    5","    5","    5","    5","    5","    5","0","0","0","0","0","0","0","0","0","0"
"2","23A","4010301","2","0010","HYEOI LEE CHOI","F","1986",12,18,"19871117","119","4","5","5",""," 2     8 "," 2   ","    5","    5","    5","    5","    5","0","0","0","0","0","0","0","0","0","0"
"3","23A","4010301","3","0011","JAESUNG CHOI","M","2000",01,26,"Monster1","119","3","6","3","","1 3  67  ","123  ","12 4 ","    5","    5","123  ","    5","0","0","0","0","0","0","0","0","0","0"
"1","23A","4010301","1","0010","SOO HYUN CHOI","F","1995",03,07,"11268767","119","4","1","3",""," 23      ","    5","    5","    5","    5","    5","    5","1","0","0","0","0","2","0","0","0","0"
"5","23A","4010301","5","0010","LOGAN COLLINS","M","1985",10,27,"91131391","409","6","5","5","6","  3  678 ","1    ","1    ","    5","    5","    5","    5","0","0","0","0","0","0","0","0","0","0"
"4","23A","4010301","4","0012","CHARLES COLVIN","M","1989",08,08,"25211333","408","6","7","5","6","  3 56 8 ","1234 ","12   ","    5","    5","    5","    5","0","0","0","0","1","0","0","0","0","1"
"4","23A","4010301","4","0013","THOMAS CONDON","M","1985",12,10,"13373535","408","6","7","5","6","1 3  678 ","    5","    5","    5","    5","    5","    5","0","0","0","0","1","0","0","0","0","1"
"5","23A","4010301","5","0011","ABIGAIL CORDERO","F","2007",05,26,"12879099","408","5","7","2","","  3  6   ","123  ","    5","    5","    5","    5","    5","0","0","0","0","0","0","0","0","0","0"
"2","23A","4010301","2","0011","ALEXANDER CRAM","M","2000",10,16,"Z4cK7826","409","6","5","4","","1234567  ","1234 ","    5","    5","    5","    5","    5","0","1","0","0","0","0","2","0","0","0"
"1","23A","4010301","1","0011","MEGAN CROSBY","F","1995",02,14,"02141995","408","3","6","5","4","  34567  ","1234 ","1234 ","    5","12   ","    5","12   ","0","0","0","0","0","0","0","0","0","0"
"4","23A","4010301","4","0014","MACKENZIE DALTON","F","1999",11,13,"02181999","408","6","7","3","","1 3 5 78 ","    5"," 234 "," 2   ","    5","    5","    5","0","0","0","0","0","0","0","0","0","0"
"4","23A","4010301","4","0015","LUCAS DA SILVA ROCHA","M","2000",01,13,"LucasJLPTN4","424","6","7","4",""," 23  6   ","1234 ","1234 ","    5","    5","    5","    5","0","0","0","1","0","0","0","0","2","0"
"3","23A","4010301","3","0012","LEO DE LA GARDE","M","2005",08,02,"94128405","409","6","2","2","","       8 ","1    ","1    ","1    ","    5","    5","    5","0","0","0","0","0","0","0","0","0","0"
"2","23A","4010301","2","0012","ARTHUR DE LINO","M","2001",09,26,"05112326","424","6","6","5","6","1234567  ","    5","1234 ","    5","    5","    5","    5","0","0","0","0","0","0","0","0","0","0"
"4","23A","4010301","4","0016","ERIN DELLA PUCA","F","1995",02,24,"Dellapuca123","408","6","7","5","6","       8 ","    5","    5","    5","    5","    5","    5","0","0","0","0","0","0","0","0","0","0"
"1","23A","4010301","1","0012","ZSARINA DE LUNA","F","1997",02,04,"Taiyaki89","408","6","6","5","6","123  678 ","    5","1234 ","    5","    5","    5","    5","0","1","1","1","0","0","1","1","1","0"
"2","23A","4010301","2","0013","WILLIAM DILLON","M","1991",04,08,"87088708","408","3","5","5","3","1 3  6   ","123  ","12 4 "," 2 4 "," 23  ","    5","    5","0","1","2","0","0","0","2","1","0","0"
"5","23A","4010301","5","0012","SEAN DINCHMAN","M","1993",10,11,"passforjlptlol","702","6","4","6","","123  678 ","    5","1234 ","    5","    5","    5","    5","0","0","0","0","0","0","0","0","0","0"
"2","23A","4010301","2","0014","KEVIN DO","M","1998",03,20,"84256425","408","6","5","6","","  3 5678 ","    5","    5","    5","    5","    5","    5","0","0","1","0","0","0","0","1","0","0"
"5","23A","4010301","5","0013","MICHAEL DONOVAN","M","1981",12,02,"36925789","408","6","7","5","6","1234567  ","    5","    5","    5","    5","    5","    5","0","0","0","0","0","0","0","0","0","0"
"5","23A","4010301","5","0014","LISA DUGARO","F","1981",04,23,"19810423","409","6","7","5","6"," 23   78 ","    5","  34 ","    5","    5","    5","    5","0","0","0","0","0","0","0","0","0","0"
"4","23A","4010301","4","0017","TIMOTHY DUNBAR","M","2005",08,03,"33430463","408","2","4","2","","  3 567  ","1234 "," 234 ","    5","    5","    5","    5","0","0","0","0","0","0","0","0","0","0"
"2","23A","4010301","2","0015","KYRIEN EDWARDS","M","1995",04,29,"Kka1touU","408","3","6","5","6","123 567  ","    5","    5","    5","    5","    5","    5","0","0","0","0","0","0","0","0","0","0"
"4","23A","4010301","4","0018","ANTONN ESQUIVEL","M","1993",03,05,"tonnjlpt","128","6","7","5","6","123  6   ","1234 ","    5","    5","    5","    5","    5","0","0","0","0","1","0","0","0","0","1"
"5","23A","4010301","5","0015","MARVIN ETRUW","M","1998",11,17,"Swartz2013","408","6","7","5","6","  3  6   ","    5","    5","    5","    5","    5","    5","0","0","0","0","0","0","0","0","0","0"
"4","23A","4010301","4","0019","LEO FEDERICO","M","2012",05,14,"Nihongodaisuki@87","408","5","7","1","","  3  6   ","1    ","1    ","1    ","    5","    5","    5","0","0","0","0","0","0","0","0","0","0"
"5","23A","4010301","5","0016","LUCA FEDERICO","M","2015",12,03,"Nihongodaisuki@87","408","5","7","1","","  3  6   ","1    ","1    ","1    ","    5","    5","    5","0","0","0","0","0","0","0","0","0","0"
"2","23A","4010301","2","0016","MIRIAH FENUS","F","1998",09,21,"M@gicis21","409","3","5","5","5","1234567  ","1234 ","    5","    5","    5","    5","    5","0","1","0","1","0","0","2","0","1","0"
"2","23A","4010301","2","0017","SCOTT FERGUSON","M","1988",11,21,"Kawas3mi007!","408","6","7","5","6","1 3 5    ","1234 ","12 4 ","    5","    5","12   ","    5","0","1","0","0","0","0","1","0","0","0"
"1","23A","4010301","1","0013","LING SANG FONG","F","1996",03,18,"qfls0318","0","6","7","5","6"," 234567  ","    5","    5","    5","    5","    5","    5","0","1","0","0","0","0","1","0","0","0"
"5","23A","4010301","5","0017","ROBERT FRAZIER","M","1973",11,09,"43678912","408","6","5","5","5","   4  78 ","    5","    5","    5","    5","    5","    5","0","0","0","0","0","0","0","0","0","0"
"4","23A","4010301","4","0020","SYDNEY FRAZIER","F","2006",11,22,"47986421","408","4","7","2","","123  67  ","1234 ","    5","    5","    5","123  ","    5","0","0","0","1","1","0","0","0","2","1"
"4","23A","4010301","4","0021","ERIC FUNG","M","1983",06,29,"59470568","408","6","7","5","6","1     7  ","    5","1234 ","    5","    5","    5","    5","0","0","0","0","1","0","0","0","0","1"
"4","23A","4010301","4","0022","ALANNA GAGNE","F","1994",03,31,"kL7xfcZ2","408","5","8","5","6","        9","123  ","    5","    5","    5","    5","    5","0","0","0","0","0","0","0","0","0","0"
"1","23A","4010301","1","0014","NATHAN GAGNE","M","2000",06,06,"VnBnPm4$","408","4","7","5","6"," 23 567  ","123  ","1234 ","    5","    5","    5","    5","0","0","0","0","0","0","0","0","0","0"
"4","23A","4010301","4","0023","JAANVI GANAPATHY","F","2008",06,10,"Hello123","408","6","7","2","","1 3  67  ","1234 ","    5","    5","    5","    5","    5","0","0","0","0","1","0","0","0","0","1"
"1","23A","4010301","1","0015","DAISY GAO","F","1999",07,14,"20230328","107","6","4","3",""," 2  567  ","1    ","    5","    5","    5","    5","    5","0","0","0","0","0","0","0","0","0","0"
"2","23A","4010301","2","0018","MARIANO GARCIA ALIPI","M","1999",05,21,"14151921","430","6","7","5","6"," 23 5678 ","1234 ","1234 ","    5","    5","    5","    5","0","0","1","1","0","0","0","1","1","0"
"2","23A","4010301","2","0019","CHARLES GARNAAT","M","1991",12,31,"20231930","409","6","8","5","6","1 345678 ","12   ","    5","    5","    5","    5","    5","0","1","1","2","0","0","2","2","1","0"
"1","23A","4010301","1","0016","SUJATA GHATPANDE","F","1978",11,01,"Firenice2411","125","6","5","5","5","12 4     ","1    ","123  ","    5","123  ","123  ","123  ","0","1","1","1","0","0","1","1","1","1"
"1","23A","4010301","1","0017","SENIA GOLISEK","F","2003",05,20,"Kapichan","408","6","2","3","","123 567  ","    5","1234 ","1234 ","    5","    5","    5","0","0","0","0","0","0","0","0","0","0"
"2","23A","4010301","2","0020","BRAXTON GRIFFITH","F","1995",11,28,"BirdRock7!","408","3","6","5","4","123 5 7  ","1    ","1    ","    5","    5","    5","    5","0","1","1","0","0","0","2","1","0","0"
"2","23A","4010301","2","0021","RYAN GROCHAL","M","2000",02,15,"Rg509338","408","3","6","3","","1 34567  ","1234 ","1234 ","    5","    5","1234 ","    5","0","0","0","0","0","0","0","0","0","0"
"3","23A","4010301","3","0013","JIAYIN GUO","M","1991",01,05,"87148650","107","6","7","5","6","     6   ","    5","    5","    5","    5","    5","    5","0","0","0","0","0","0","0","0","0","0"
"2","23A","4010301","2","0022","YILE GUO","F","1998",06,03,"1015Mika","107","3","5","3","","  3  6   ","1234 ","    5","    5","    5","    5","    5","0","0","1","0","0","0","0","1","0","0"
"2","23A","4010301","2","0023","YUNA GUU","F","2002",08,02,"191070782","408","6","4","3",""," 23  67  ","1234 ","    5","    5","    5","    5","    5","0","0","1","0","0","0","0","1","0","0"
"1","23A","4010301","1","0018","LEILA GIOANNE HALOS","F","1998",04,21,"brdlybn9","128","3","7","5","6","123 567  ","    5","1234 ","    5","    5","    5","    5","1","1","1","1","0","1","1","1","1","0"
"2","23A","4010301","2","0024","CHEOLHO HAN","M","1989",05,24,"19890524","119","6","7","5","6","12345678 ","    5","1234 ","1234 ","1234 ","    5","    5","0","0","0","0","0","0","0","0","0","0"
"5","23A","4010301","5","0018","JACK HANCEY","M","2002",09,06,"Jp1!PoutSk","408","3","7","3","","  3   7  "," 234 ","    5","    5","    5","123  ","    5","0","0","0","0","0","0","0","0","0","0"
"5","23A","4010301","5","0019","ERICA HOBBS","F","1995",09,17,"Lki87uh5","408","6","4","5","6","1 3  67  "," 234 ","  34 ","    5","    5","    5","    5","0","0","0","0","0","0","0","0","0","0"
"1","23A","4010301","1","0019","ADAM HRUBY","M","1997",06,06,"1303Ah06!","408","6","7","3",""," 234567  ","1234 ","    5","    5","    5","    5","    5","1","0","0","0","0","2","0","0","0","0"
"1","23A","4010301","1","0020","VIVIAN HSU","F","1999",08,11,"granrodeo520!!","107","3","5","4","","  3      ","    5","    5","    5","    5","    5","    5","2","2","1","1","1","2","1","1","1","1"
"2","23A","4010301","2","0025","HAOZHE HUANG","M","1998",10,11,"Appl1234","107","6","5","3",""," 234 6   ","    5","    5","    5","    5","    5","    5","0","0","0","0","0","0","0","0","0","0"
"2","23A","4010301","2","0026","JINFEI HUANG","M","2006",10,17,"96241311","408","2","1","2","","  3 56 8 ","123  ","    5","    5","    5","    5","    5","0","0","0","0","0","0","0","0","0","0"
"3","23A","4010301","3","0014","SARAH HUDSON","F","1988",06,17,"31567941","408","5","7","5","5","12345678 ","1234 ","1234 ","    5","    5","    5","12   ","0","0","0","1","1","0","0","0","1","1"
"2","23A","4010301","2","0027","CALVIN HENRY HUFFER","M","1997",07,06,"42568097","408","6","2","5","6","1 34567  ","    5","    5","1234 ","    5","    5","    5","0","1","0","0","0","0","2","0","0","0"
"2","23A","4010301","2","0028","NAOMI HUNTINGTON","F","2002",01,29,"naomi1013","119","6","2","5","","123 56   ","    5","    5"," 2   ","    5","1    ","1    ","0","0","0","0","0","0","0","0","0","0"
"3","23A","4010301","3","0015","LE YEN HUYNH","F","1992",12,14,"changepassword1412","142","5","7","5","6","1 3  6   ","123  ","    5","    5","    5","    5","    5","0","0","0","1","0","0","0","0","1","0"
"3","23A","4010301","3","0016","SCOTT HUYNH","M","2001",08,19,"Every527","408","5","2","4","","1 3  6   ","1234 ","   4 ","    5","    5","1234 ","1234 ","0","0","0","1","0","0","0","0","2","0"
"3","23A","4010301","3","0017","JEREMY JAMES","M","1994",10,11,"ai9biao7Liang32","408","4","6","3","","        9","    5","    5","    5","    5","    5","    5","0","0","0","0","0","0","0","0","0","0"
"2","23A","4010301","2","0029","JAYDE JIANG","F","1996",08,02,"09022067","107","4","7","6","","  3  6   ","    5","    5","    5","    5","    5","    5","0","0","0","0","0","0","0","0","0","0"
"2","23A","4010301","2","0030","JIANI JIANG","F","2001",08,26,"20010826","107","4","7","3","","  3      ","    5","1234 ","    5","    5","    5","    5","0","0","0","0","0","0","0","0","0","0"
"2","23A","4010301","2","0031","YI GE JIANG","F","1996",09,19,"mmme0wza","408","6","2","5",""," 2  5 7  ","1    ","   4 ","    5","    5","    5","    5","0","0","0","0","0","0","0","0","0","0"
"2","23A","4010301","2","0032","CASEY JONES","M","2006",03,13,"69686766","408","2","2","2","","  3 5678 "," 234 ","  34 ","    5","    5","    5","    5","0","0","0","0","0","0","0","0","0","0"
"1","23A","4010301","1","0021","SOICHIRO KAKU","M","2006",01,10,"0475585021","408","5","2","2","","1        ","    5","1    ","1    ","    5","    5","    5","0","0","0","0","0","0","0","0","0","0"
"2","23A","4010301","2","0033","TZUYUN KAO","F","1998",06,27,"baby627627","107","6","2","4","","123 56   ","1    ","1    ","    5","    5","    5","    5","2","1","1","2","1","2","2","1","2","1"
"1","23A","4010301","1","0022","SOON KIAT KER","M","1994",03,21,"12345678","409","5","6","5","5","  3 5    ","1234 "," 234 "," 234 ","123  ","123  ","123  ","3","2","1","0","0","2","1","1","0","0"
"3","23A","4010301","3","0018","MARK KERBY","M","1990",12,22,"65326532","408","6","7","5","6","12345678 ","    5","    5","    5","    5","    5","    5","0","1","1","0","0","0","2","2","0","0"
"1","23A","4010301","1","0023","SEUNGHYEOK KIM","M","1995",06,14,"yuiop8745","119","6","6","5","3","123      ","1234 ","12   ","    5","    5","    5","1    ","0","0","0","0","0","0","0","0","0","0"
"1","23A","4010301","1","0024","HATSU KIMURA","M","2007",07,26,"hatsuk0726","408","5","7","2","","1 3 567  ","1234 ","1234 ","1234 ","    5","    5","    5","0","0","0","0","0","0","0","0","0","0"
"2","23A","4010301","2","0034","LOGAN KNECHT","M","1987",05,07,"fantasy8","408","6","7","5","6","12345678 ","1234 ","    5","    5","    5","    5","    5","0","1","1","1","0","0","2","1","1","2"
"5","23A","4010301","5","0020","KENT KNIGHT","M","1982",08,27,"08271982","408","6","7","5","6","1 34 6   ","    5","1    ","    5","    5","    5","    5","0","0","0","0","1","0","0","0","0","2"
"4","23A","4010301","4","0024","ASHER KOMOR","M","2007",02,23,"kyotoisi","408","2","4","2","","1 3 5    ","1234 ","    5","    5","    5","    5","    5","0","0","0","0","1","0","0","0","0","1"
"1","23A","4010301","1","0025","STEPHEN KRAUS","M","1991",02,27,"43386227","408","6","7","6","","1 3 567  ","    5","    5","    5","    5","    5","    5","0","1","0","0","0","0","1","0","0","0"
"2","23A","4010301","2","0035","SUSHMITH KULKARNI","M","1997",01,12,"SushJLPT","114","6","5","5","6","123 5 7  ","    5","1234 ","    5","    5","    5","    5","0","0","0","0","0","0","0","0","0","0"
"5","23A","4010301","5","0021","DANIEL KURANI","M","2002",09,17,"fpfvr2002@","408","2","7","3","","  3  6 8 "," 234 ","    5","    5","    5","    5","    5","0","0","0","0","0","0","0","0","0","0"
"2","23A","4010301","2","0036","KEI YAU KWOK","F","1997",10,27,"Kky66986004","107","6","4","3",""," 2345678 ","    5","1234 ","    5","    5","12   ","12   ","0","0","1","0","0","0","0","1","0","0"
"4","23A","4010301","4","0025","YIU FAI KWOK","M","1988",12,11,"24310763","107","6","5","5","6","        9","    5","    5","    5","    5","    5","    5","0","0","0","0","1","0","0","0","0","1"
"2","23A","4010301","2","0037","CHRISTOPHER LEE","M","2001",09,15,"Mogami2002!","408","3","2","3","","1234567  ","12   ","    5","    5","    5","12   ","    5","0","0","1","0","0","0","2","1","0","0"
"4","23A","4010301","4","0026","HYON LEE","M","1984",07,31,"96949694","409","5","6","5","","1 3      ","12   "," 2   ","12   "," 2   ","    5","    5","0","0","0","1","1","0","0","0","2","1"
"2","23A","4010301","2","0038","KA CHING LEE","F","1985",09,06,"12022719","408","6","7","5","6","    5    ","1234 ","    5","    5","    5","    5","    5","0","0","1","0","0","0","0","1","0","0"
"2","23A","4010301","2","0039","LO LEE","F","1992",10,30,"Soda1030","107","4","5","5",""," 23  67  ","   4 ","    5","    5","    5","    5","    5","0","0","0","0","1","0","0","0","0","1"
"2","23A","4010301","2","0040","MICHAEL LEE","M","1995",09,01,"Instance","408","6","7","5","6","1 34567  ","1234 ","1234 ","    5","    5","    5","    5","0","0","1","0","0","0","0","1","0","0"
"2","23A","4010301","2","0041","SSUKUANG LEI","M","1988",03,23,"ji394g6m","107","4","5","5","3","12345 7  ","123  ","1234 ","    5","    5","    5","12   ","0","4","2","1","0","0","2","2","1","0"
"4","23A","4010301","4","0027","JASON LENKO","M","1982",09,06,"74207420","408","5","7","5","6","123    8 ","123  ","1234 ","    5","    5","    5","    5","0","0","0","2","2","0","0","0","2","1"
"4","23A","4010301","4","0028","HO-TAK CHARLES LEUNG","M","1993",07,29,"26841888","408","6","7","5",""," 23   7  "," 23  "," 2   ","    5","    5","    5","    5","0","0","0","1","0","0","0","0","1","0"
"5","23A","4010301","5","0022","JINGGE LI","M","2003",12,28,"12281228","107","6","8","3","","  3  6   ","    5"," 2 4 ","    5","    5","12   ","    5","0","0","0","0","0","0","0","0","0","0"
"3","23A","4010301","3","0019","ROBERT LIEBERT","M","1983",04,14,"jlptgknight2","408","6","7","5","6","123 567  ","1234 ","1234 ","    5","    5","    5","    5","0","0","0","1","0","0","0","0","1","0"
"1","23A","4010301","1","0026","KOBIN REI LIM","M","1997",05,02,"Jlpt1515","128","6","7","5","6","123 5 78 ","    5","1234 ","    5","    5","    5","    5","0","1","0","0","0","0","1","0","0","0"
"2","23A","4010301","2","0042","EDWARD LIN","M","1995",02,04,"Captainofmysoul3$","408","6","6","5","6","1 3 56   ","12   ","    5","    5","    5","    5","    5","0","1","1","1","1","0","2","1","1","1"
"2","23A","4010301","2","0043","CHAORAN LIU","M","1999",09,11,"lchr911","107","6","2","3","","1 34  7  "," 2   ","1    ","    5"," 2   "," 2   "," 2   ","0","0","0","0","0","0","0","0","0","0"
"1","23A","4010301","1","0027","HAO LIU","M","2001",08,01,"Sakusasaku","107","6","2","3","","       8 ","    5"," 234 ","    5","    5","    5","    5","0","0","0","0","0","0","0","0","0","0"
"2","23A","4010301","2","0044","RUYI LIU","F","2000",10,30,"19950528","107","6","4","3","","123  6 8 ","1    ","1    ","1    ","1234 ","1234 ","1234 ","0","0","0","0","0","0","0","0","0","0"
"1","23A","4010301","1","0028","SHURUI LIU","F","2000",04,23,"03240423","107","4","7","3",""," 23  6   ","1234 ","1234 ","    5","    5","    5","    5","0","0","1","0","0","0","0","1","0","0"
"2","23A","4010301","2","0045","TIANXIANG LIU","M","1994",01,26,"tx940126","107","6","6","5","","1234  7  ","    5","    5","    5","    5","    5","    5","0","0","0","0","0","0","0","0","0","0"
"1","23A","4010301","1","0029","YANQI LIU","F","1998",10,19,"11240225","107","3","7","3","","1234567  ","1234 ","    5","    5","    5","    5","    5","2","1","1","0","0","2","1","1","0","0"
"1","23A","4010301","1","0030","ZHENGJUN LIU","M","2002",10,22,"Jlpt1022","107","6","7","3","","  3 567  ","    5","1234 ","    5","    5","    5","    5","0","0","0","0","0","0","0","0","0","0"
"2","23A","4010301","2","0046","AARON LONG","M","1997",01,15,"Snapper35!?","408","5","6","5","5","1234567  ","1234 ","1234 ","    5","    5","    5","12   ","0","0","1","1","0","0","0","1","1","0"
"3","23A","4010301","3","0020","JAMES LORENCE","M","1987",09,20,"35431685","408","6","6","5","6","  3 567  ","1234 ","1234 ","    5","    5","    5","    5","0","0","0","0","0","0","0","0","0","0"
"4","23A","4010301","4","0029","BRIAN LOWE","M","1985",09,09,"19850909","408","6","7","5","6","  3  6   ","    5","    5","    5","    5","    5","    5","0","0","0","0","0","0","0","0","0","0"
"5","23A","4010301","5","0023","STACEY LOWE","F","1985",06,01,"19850601","408","6","7","5","6","  3      ","    5","    5","    5","    5","    5","    5","0","0","0","0","0","0","0","0","0","0"
"5","23A","4010301","5","0024","PINREN LU","M","2001",06,24,"34685050lpr@","107","4","7","3","","  3      ","1234 ","    5","    5","    5","    5","    5","0","0","0","0","0","0","0","0","0","0"
"2","23A","4010301","2","0047","JIAQI LUO","F","2001",10,19,"A50237955a","408","6","2","4","","     6   ","12   ","1 34 ","1  4 "," 2 4 "," 2 4 ","  34 ","0","0","0","0","0","0","0","0","0","0"
"2","23A","4010301","2","0048","SEAN LYNCH","M","1985",11,06,"talljlpt","408","4","6","6","","12 4  78 ","123  ","1234 ","123  ","    5","    5","    5","0","0","0","0","0","0","0","0","0","0"
"4","23A","4010301","4","0030","SHIRUI MA","F","2000",12,06,"20120728","107","6","5","3","","  3  6   ","    5","    5","    5","    5","    5","    5","0","0","0","0","0","0","0","0","0","0"
"1","23A","4010301","1","0031","JOSIAH MACKAY","M","1997",06,24,"418Sharingan!","408","3","6","5","5","1234567  ","12 4 ","1    ","    5","    5","    5","    5","2","0","0","0","0","2","0","0","0","0"
"4","23A","4010301","4","0031","CHRISTIAN DANIEL MAGSOMBOL","M","2001",09,25,"Titanic9","0","6","7","3","","123 5 7  ","1234 ","1234 ","    5","    5","1234 ","1    ","0","0","0","0","0","0","0","0","0","0"
"4","23A","4010301","4","0032","SIMONE MAJEKODUNMI","F","2008",10,13,"19762004","408","6","7","2","","  3 56   ","1    ","    5","    5","    5","    5","    5","0","0","0","0","1","0","0","0","0","1"
"3","23A","4010301","3","0021","AARON MAJOR","M","2006",02,27,"04293253","408","5","3","2","","  3  67  ","1    ","1    ","1    ","    5","    5","    5","0","0","0","0","0","0","0","0","0","0"
"4","23A","4010301","4","0033","ALDEON MAMARIL","M","1996",11,09,"42073727","408","2","2","5","6","   4 678 ","1234 ","    5","    5","    5","    5","    5","0","0","0","0","0","0","0","0","0","0"
"5","23A","4010301","5","0025","JASPER IAN MANALO","M","1990",07,30,"24681359","128","6","6","5","6","123   7  ","    5","    5","    5","    5","    5","    5","0","0","0","0","0","0","0","0","0","0"
"3","23A","4010301","3","0022","SONIA MANSAW","F","2001",11,04,"GOT743Ver","408","3","8","2","","123 5678 ","1234 ","    5","    5","    5","    5","    5","0","0","0","0","0","0","0","0","0","0"
"2","23A","4010301","2","0049","THOMAS EARLE BLAKELY MARKES","M","1989",06,21,"28467512","408","5","6","5","3","12345678 ","1234 ","1234 ","    5","1  4 ","1234 ","    5","0","0","1","0","0","0","0","1","0","0"
"4","23A","4010301","4","0034","CLAUDIA CAROLINA MARROQUIN PINTO","F","1977",11,03,"Okita657","430","6","7","5","6","123    8 ","    5","    5","    5","    5","    5","    5","0","0","0","0","0","0","0","0","0","0"
"5","23A","4010301","5","0026","JESSE MARSHALL","M","1993",12,23,"8lk0#!%54b","408","6","6","5","6"," 23    8 ","1234 ","    5","    5","    5","    5","    5","0","0","0","0","0","0","0","0","0","0"
"3","23A","4010301","3","0023","JOHN MARTIN","M","1998",02,04,"MzW1tlTditGh","408","6","2","3","","  345678 ","1234 ","1234 ","    5","    5","    5","    5","0","0","0","0","0","0","0","0","0","0"
"5","23A","4010301","5","0027","HIYORI MARWICK","F","2014",11,25,"11252014","408","5","7","1","","  3 56   ","123  "," 2   ","12   ","    5","    5","    5","0","0","0","0","0","0","0","0","0","0"
"4","23A","4010301","4","0035","HIYORI MARWICK","F","2014",11,25,"11252014","408","5","7","1","","  3 56   ","123  "," 2   ","12   ","    5","    5","    5","0","0","0","0","0","0","0","0","0","0"
"5","23A","4010301","5","0028","MICHAEL MAZZUCA","M","1994",09,22,"97181900","409","6","7","5",""," 23 56   ","    5","1234 ","    5","    5","    5","    5","0","0","0","0","1","0","0","0","0","2"
"4","23A","4010301","4","0036","GABRIEL MEDINA","M","2005",02,24,"Houst05!","408","2","2","2","","123  6   ","123  ","12 4 ","1234 ","    5","    5","    5","0","0","0","0","0","0","0","0","0","0"
"2","23A","4010301","2","0050","KATHLEEN MIAO","F","1996",09,07,"12151527","408","4","6","5","6","  3 56   ","1234 ","1234 ","    5","    5","    5","    5","0","0","0","0","0","0","0","0","0","0"
"3","23A","4010301","3","0024","LUCY MIDGLEY","F","1994",05,13,"12051947","408","6","7","5","6","123  6   ","1234 ","1234 ","    5","    5","    5","    5","0","0","0","1","0","0","0","0","1","0"
"5","23A","4010301","5","0029","PRASHANK MISHRA","M","1996",06,19,"94931764","408","6","4","5","6","       8 "," 2   ","   4 ","    5","    5","    5","    5","0","0","0","0","0","0","0","0","0","0"
"4","23A","4010301","4","0037","KENYON MONAHAN","M","2002",02,15,"85168516","408","6","5","5","6","123 567  ","123  ","1234 ","    5","    5","    5","    5","0","0","0","0","0","0","0","0","0","0"
"2","23A","4010301","2","0051","RILEY MONDRAGON","F","1989",09,15,"goingonanadventure49","408","6","5","5","","1234567  ","1234 ","1234 ","    5","    5","    5"," 23  ","0","0","1","0","0","0","0","1","0","0"
"1","23A","4010301","1","0032","CRYSTAL MOON","F","1995",06,25,"48362412","408","4","5","5","6","1234567  ","1234 ","1234 ","    5","    5","    5","    5","0","0","1","1","0","0","0","1","1","0"
"3","23A","4010301","3","0025","ALEXANDER MOTZ","M","2001",04,08,"Coco8975!090","408","3","5","3","","1234567  ","1234 ","1    ","    5","    5","1234 ","    5","0","0","1","0","0","0","0","2","0","0"
"4","23A","4010301","4","0038","THEODORE MOUCHAKKAA","M","2006",04,24,"Watson2014","408","6","5","2","","1234 6   ","    5","  34 ","    5","    5","    5","    5","0","0","0","0","0","0","0","0","0","0"
"3","23A","4010301","3","0026","ERIC NAKAHARA SCHNURR","M","1999",05,28,"81769954","408","4","6","3","","1 3  6   ","1234 ","1   5","    5","    5","    5","    5","0","0","0","0","0","0","0","0","0","0"
"1","23A","4010301","1","0033","KAZUMASA NAKAMURA","M","2006",03,15,"20060315","408","5","7","2","","123  67  ","123  ","    5","12   ","    5","    5","    5","0","2","0","1","0","0","1","0","1","0"
"2","23A","4010301","2","0052","KAREN NG","F","1996",01,10,"Smoochie","408","6","7","6","","1234567  ","1234 ","1234 ","    5","    5","    5","    5","0","0","0","0","0","0","0","0","0","0"
"3","23A","4010301","3","0027","JINGYI NI","F","2001",01,16,"Andreani","107","4","7","3","","  3  6   ","1234 ","  34 ","    5","    5","    5","    5","0","0","0","0","0","0","0","0","0","0"
"2","23A","4010301","2","0053","YIFAN NING","M","1997",10,17,"67283306","107","6","7","5","","       8 ","    5","    5","    5","    5","    5","    5","0","0","0","0","0","0","0","0","0","0"
"1","23A","4010301","1","0034","MICHEL NIQUETTE","M","1995",05,31,"internet","411","6","5","5","4","12345678 ","1234 ","1234 ","1234 ","1234 ","1234 ","1234 ","0","0","0","0","0","0","0","0","0","0"
"4","23A","4010301","4","0039","MICHAEL NOLIN","M","1995",12,04,"87654321","409","3","2","3","","123 5678 ","    5"," 2   ","    5","    5","    5","    5","0","0","0","0","1","0","0","0","0","1"
"3","23A","4010301","3","0028","EMILY ORESCANIN","F","2000",05,10,"45709745","408","6","7","3","","1234567  ","    5","1234 ","    5","    5","    5","12   ","0","0","0","1","0","0","0","0","1","0"
"3","23A","4010301","3","0029","SHILOH ORR","M","1995",12,03,"Philosopher123","408","6","7","5","6","1 3 5 7  ","    5","1234 ","    5","    5","    5","    5","0","0","0","0","0","0","0","0","0","0"
"2","23A","4010301","2","0054","BRIAN REED OSHIRO","M","1978",04,22,"04221978","408","6","7","5","","12       ","1    ","    5","  3  ","    5","    5","    5","0","1","1","0","0","0","2","1","0","0"
"2","23A","4010301","2","0055","CASEY OSTRANDER","F","2001",02,17,"Mikan217","408","3","5","3","","1  4567  ","123  ","1234 ","    5","    5","    5","    5","0","0","0","0","0","0","0","0","0","0"
"4","23A","4010301","4","0040","JUSTIN OWENS","M","1993",05,04,"JLPT2018","408","6","7","5","6","  3  678 ","    5","    5","    5","    5","    5","    5","0","0","0","0","1","0","0","0","0","1"
"5","23A","4010301","5","0030","SARAH PADWAL","F","2005",04,01,"35356969","408","2","7","2",""," 2    78 ","1234 ","1234 ","    5","    5","    5","    5","0","0","0","0","0","0","0","0","0","0"
"2","23A","4010301","2","0056","LING CHENG PAN","M","2000",09,27,"Lucky20080815","408","6","7","4","","123 5 7  ","    5","   4 ","    5","    5","    5","    5","0","0","1","0","0","0","0","1","0","0"
"2","23A","4010301","2","0057","YUN PAN","F","1994",08,08,"PanYun00","107","6","7","3",""," 23 567  ","    5","1234 ","    5","    5","    5","    5","0","0","0","0","0","0","0","0","0","0"
"4","23A","4010301","4","0041","DANIEL PANIAGUA","M","1991",12,28,"Checo1228","430","6","7","5","6","1 3 567  ","1234 ","    5","    5","    5","    5","    5","0","0","0","0","0","0","0","0","0","0"
"5","23A","4010301","5","0031","HENRY PARADISE","M","1997",09,22,"03311854","408","6","7","5","6","  3 567  ","    5","    5","    5","    5","    5","    5","0","0","0","0","1","0","0","0","0","0"
"3","23A","4010301","3","0030","PAIGE PEARSON","F","1988",06,18,"Temp3bot!","408","6","6","4","","12 456   ","    5","1234 ","    5","    5","    5","    5","0","0","1","0","0","0","0","2","0","0"
"1","23A","4010301","1","0035","KOJI PHUNG","M","2004",04,25,"ta0TcontRALcrIT8956","408","5","7","3","","1 3 567  ","    5","1234 ","1234 ","    5","    5","    5","2","0","0","0","0","2","0","0","0","0"
"2","23A","4010301","2","0058","TAI POGUE","M","2008",09,01,"74157377","408","5","7","2","","1        ","1234 ","    5","12   ","    5","    5","    5","0","0","1","1","0","0","0","1","1","0"
"5","23A","4010301","5","0032","DANIEL POLYAK","M","2002",12,31,"DiamondGaren2002","408","4","7","3","","  3  6   ","1234 "," 2   ","    5","    5","    5","    5","0","0","0","0","0","0","0","0","0","0"
"2","23A","4010301","2","0059","CHUN TUNG JEREMY POON","M","1990",10,22,"95789696","408","6","6","5","6","     67  ","    5","  3 5","    5","    5","    5","    5","0","0","0","0","0","0","0","0","0","0"
"4","23A","4010301","4","0042","ELENA PRISAMENT","F","2006",01,18,"01182006","408","6","8","2","","  345 78 ","1234 ","    5","    5","    5","    5","    5","0","0","0","0","0","0","0","0","0","0"
"4","23A","4010301","4","0043","ANN-MARIE PRZYSLUPSKI","F","1990",11,28,"TKtakeru","408","4","7","5","6","12345678 ","1234 ","1234 ","    5","    5","    5","    5","0","0","2","1","1","0","0","2","2","1"
"5","23A","4010301","5","0033","LAURA PUERINGER","F","1994",08,11,"Jlpt@7332!","408","6","7","5","6","1 34567  ","    5","    5","    5","    5","    5","    5","0","0","0","1","0","0","0","0","2","0"
"5","23A","4010301","5","0034","PATRICK QUIRK","M","1995",02,06,"02031962","408","6","7","5","6","1        ","    5","    5","    5","    5","    5","    5","0","0","0","0","0","0","0","0","0","0"
"2","23A","4010301","2","0060","SYDNEY RAGER","F","2001",02,11,"Bamboo01","408","3","2","3","","1234567  ","1234 ","1234 ","    5","1234 ","1234 ","1234 ","0","0","0","0","0","0","0","0","0","0"
"2","23A","4010301","2","0061","ARIEL RAGETLI","M","1991",11,17,"11171991","408","2","6","6","","1 3  6   "," 2   ","1    ","    5","    5","    5","    5","0","0","0","0","0","0","0","0","0","0"
"2","23A","4010301","2","0062","ANNABELLE RANDEL","F","2006",09,26,"94027952","408","6","4","2","","1 345678 ","    5","    5","    5","    5","    5","    5","0","0","0","0","0","0","0","0","0","0"
"2","23A","4010301","2","0063","IGNATIUS RAUTENBACH","M","1990",12,18,"mlZ9yH4T","408","6","7","4","","1   5 7  ","    5","    5","    5","    5","    5","    5","0","0","0","0","0","0","0","0","0","0"
"4","23A","4010301","4","0044","STEVEN RAY","M","1953",10,09,"aM@2sb2G","408","6","7","6","","12 4  7  ","1234 ","1234 ","1234 ","    5","    5","    5","0","0","0","0","1","0","0","0","0","1"
"4","23A","4010301","4","0045","MANA SAKAGUCHI","F","2004",01,27,"Sussysmile7012","408","6","6","3","","1 3  6   ","    5","    5","12   ","    5","    5","    5","0","0","0","0","1","0","0","0","0","1"
"4","23A","4010301","4","0046","ANDREW SAMSON","M","1991",03,12,"early2bed220","408","4","6","5","6","  3  6   ","1234 ","1    ","    5","    5","    5","    5","0","0","0","1","1","0","0","0","2","1"
"1","23A","4010301","1","0036","ERIC SANFACON","M","1998",09,04,"83459261","408","3","7","3",""," 2345678 ","1234 ","  34 ","    5","    5","    5","    5","1","0","0","0","0","2","0","0","0","0"
"4","23A","4010301","4","0047","MIKI SAWCHUK","F","2011",04,01,"961215","408","5","7","1","","1 3      ","123  ","    5"," 2   ","    5","    5","    5","0","0","0","0","1","0","0","0","0","1"
"4","23A","4010301","4","0048","MIKI SAWCHUK","F","2011",04,01,"961215","408","5","7","1","","1 3      ","123  ","    5"," 2   ","    5","    5","    5","0","0","0","0","1","0","0","0","0","1"
"3","23A","4010301","3","0031","HANS SCHIEFELBEIN","M","2001",08,27,"Boris4636","408","5","4","3","","1 3    8 ","1234 ","1234 ","    5","1234 ","    5","    5","0","0","0","0","0","0","0","0","0","0"
"5","23A","4010301","5","0035","MICHELLE SCHOLLIE","F","1992",09,19,"dYHm4r4+","408","6","7","5","6","  3  6   ","    5","    5","    5","    5","    5","    5","0","0","0","0","0","0","0","0","0","0"
"2","23A","4010301","2","0064","TAI SCHUTZ","M","2006",08,06,"43008140","408","5","7","2","","  3      ","1    ","1    ","1    ","    5","    5","    5","0","0","1","0","0","0","0","1","0","0"
"5","23A","4010301","5","0036","WENLING SHANG","F","1989",12,08,"75664980","408","6","6","5","","  3      ","1    ","    5","    5","    5","    5","    5","0","0","0","0","0","0","0","0","0","0"
"1","23A","4010301","1","0037","XIAOYU SHANG","F","2000",04,01,"Stacy16458084","107","3","5","3",""," 23  6   "," 2   ","    5","    5","    5","    5","    5","0","0","0","0","0","0","0","0","0","0"
"1","23A","4010301","1","0038","NATHAN SHARESKI","M","2007",08,31,"20230702","408","6","8","2","","  3  6 8 ","    5","    5","    5","    5","    5","    5","0","0","0","0","0","0","0","0","0","0"
"2","23A","4010301","2","0065","XIAOYU SHI","F","2000",05,13,"linda7895123","107","4","7","4","","123  678 "," 2   ","    5","    5","    5","    5","    5","0","0","0","0","0","0","0","0","0","0"
"2","23A","4010301","2","0066","YIKE SHI","F","1998",09,09,"0915syk@","107","4","1","6","","1        ","1    ","1    ","1    ","1    ","1    ","1    ","0","0","1","0","0","0","0","1","1","0"
"5","23A","4010301","5","0037","ERIC SIA","M","1966",03,15,"14041404","107","6","7","5","6","        9","    5","    5","    5","    5","    5","    5","0","0","0","0","0","0","0","0","0","0"
"5","23A","4010301","5","0038","ZAVIAN SILDRA","M","1976",10,05,"00767884","408","6","7","6","","123 5678 ","    5","1234 ","1234 ","    5","    5","    5","0","0","0","0","0","0","0","0","0","0"
"5","23A","4010301","5","0039","HELEN SIROIS","F","1963",02,07,"12291691","408","6","7","5","6"," 23    8 ","    5","12   ","    5","    5","    5","    5","0","0","0","0","0","0","0","0","0","0"
"1","23A","4010301","1","0039","HEATHER SLIGH","F","1974",09,14,"20150503","408","6","7","5","6","  3 5 7  ","    5","   4 ","    5","    5","    5","    5","3","2","0","0","0","2","1","0","0","0"
"2","23A","4010301","2","0067","ALEXANDER SNEGIREV","M","1998",04,15,"A041598s!","408","3","5","5","6"," 23  678 ","123  ","12   ","    5","    5","    5","    5","0","0","0","0","0","0","0","0","0","0"
"5","23A","4010301","5","0040","NATHANIAL SOLUM","M","1996",08,16,"08161996","408","6","7","5","6","1 3  6   ","    5","    5","    5","    5","    5","    5","0","0","0","0","0","0","0","0","0","0"
"2","23A","4010301","2","0068","JIAQI SONG","M","1995",11,20,"19951121","107","6","7","6","","  3  678 ","    5","    5","    5","    5","    5","    5","0","0","0","0","0","0","0","0","0","0"
"1","23A","4010301","1","0040","REN SONG","M","1990",08,05,"19080309","107","5","8","6","","123 5    ","1234 ","    5","    5","    5","    5","    5","3","1","1","1","0","1","1","1","1","0"
"5","23A","4010301","5","0041","SAHIL SOOD","M","1995",12,25,"Hiphop12","109","6","6","3","","1 3      ","1    ","1    ","    5","    5","    5","    5","0","0","0","0","0","0","0","0","0","0"
"5","23A","4010301","5","0042","RICHARD STAMETS","M","1990",02,26,"japanherewecome","408","6","5","5","","1   5  8 ","    5","    5","    5","    5","    5","    5","0","0","0","0","0","0","0","0","0","0"
"3","23A","4010301","3","0032","JUNYUAN SUI","F","1995",09,11,"00004869","107","6","4","5","6","123  6   "," 234 ","    5","    5","    5","    5","    5","0","0","0","0","0","0","0","0","0","0"
"1","23A","4010301","1","0041","LEI SUN","F","1985",10,15,"JLPT2023","107","4","3","5","6","  3 5    ","    5","    5","    5","    5","    5","    5","0","1","0","0","0","0","2","0","0","0"
"3","23A","4010301","3","0033","AIKO SWENSON","F","2003",12,30,"Nobue217","408","4","4","3",""," 23  6 8 ","1234 ","1234 ","1234 ","    5","    5","    5","0","0","0","0","0","0","0","0","0","0"
"3","23A","4010301","3","0034","KAITLYN SZYMANSKI","F","2001",10,26,"16153401","408","4","7","3","","123 567  ","1234 ","1234 ","    5","    5","    5","   4 ","0","0","0","0","0","0","0","0","0","0"
"5","23A","4010301","5","0043","MICHELLE THEODORE","F","1994",08,04,"892062205","409","6","7","5","6","123  67  ","1234 ","1234 "," 2   ","    5","    5","    5","0","0","0","0","0","0","0","0","0","0"
"3","23A","4010301","3","0035","JAMES THOMSON KACKI","M","1991",01,14,"1447790016","408","3","7","6","","12345678 ","1234 ","    5","    5","    5","    5","    5","0","0","0","0","0","0","0","0","0","0"
"5","23A","4010301","5","0044","PATRICK TIANG","M","2002",06,28,"14293700","408","6","6","3","","  3      ","    5","    5","    5","    5","    5","    5","0","0","0","0","0","0","0","0","0","0"
"4","23A","4010301","4","0049","THOMAS TOMIKAWA","M","1999",01,27,"SlaycGur","408","3","5","5","4","1234567  ","1234 ","1234 "," 234 ","1234 ","1234 ","12   ","0","0","0","0","0","0","0","0","0","0"
"4","23A","4010301","4","0050","NHI TRAM","F","1990",11,27,"11388999","107","6","7","5","6","12    78 ","1234 ","1234 ","    5","    5","    5","    5","0","0","0","0","0","0","0","0","0","0"
"2","23A","4010301","2","0069","ANNE TRAN","F","1997",04,14,"78654543","408","4","7","5","5"," 23  67  ","1234 ","1    ","    5","    5","    5","    5","0","1","1","1","0","0","2","1","2","0"
"1","23A","4010301","1","0042","GRACIELA TRIMBLE-QUIZ","F","1997",04,05,"yumen1kk","408","6","5","5","","1 3 567  ","1234 ","123  ","    5","1234 ","1234 ","1234 ","1","1","0","0","0","2","1","0","0","0"
"1","23A","4010301","1","0043","HOI YIU REGINA TSANG","F","2010",01,05,"15877851","408","6","7","1","","1234567  ","1234 ","1234 ","    5","    5","    5","    5","1","0","0","0","0","2","0","0","0","0"
"1","23A","4010301","1","0044","SHANE TUNSTEAD","M","1990",07,12,"12345678","408","6","6","5","3","1234  78 ","    5","1234 ","    5","    5","1234 ","1234 ","1","1","0","0","0","0","1","0","0","0"
"2","23A","4010301","2","0070","PASCAL VAILLANCOURT","M","1999",01,07,"78439212","411","4","6","3",""," 23      ","1234 ","1234 ","    5","    5","    5","    5","0","0","0","0","0","0","0","0","0","0"
"5","23A","4010301","5","0045","JAMES VALDERHAUG","M","1976",11,19,"*!JamesJaps67!*","408","6","7","6",""," 23   78 ","    5","    5","    5","    5","    5","    5","0","0","0","0","0","0","0","0","0","0"
"5","23A","4010301","5","0046","KIMBERLY VAN EGMOND","F","1986",07,04,"79237923","408","6","7","5","6","  3 5    ","1234 ","12   ","    5","    5","    5","    5","0","0","0","0","0","0","0","0","0","0"
"5","23A","4010301","5","0047","CHRISTOPHER VU","M","1986",09,08,"nemoneko","408","5","5","5","6","123 56 8 ","1234 ","    5","    5","    5","    5","    5","0","0","0","0","0","0","0","0","0","0"
"2","23A","4010301","2","0071","AORUI WANG","F","1995",10,20,"Azurewar","107","6","7","5","6","1234   8 ","    5","    5","    5","    5","    5","    5","0","0","0","0","0","0","0","0","0","0"
"3","23A","4010301","3","0036","JOHNSON WANG","M","2002",12,04,"9^blPxGN","107","4","7","3","","1234567  ","1234 ","1234 ","1234 ","1234 ","1234 ","1234 ","0","0","0","0","0","0","0","0","0","0"
"1","23A","4010301","1","0045","RUIZHI WANG","F","1998",03,31,"Qq980331","107","6","7","6","","     6   ","    5","    5","    5","    5","    5","    5","0","0","0","0","0","0","0","0","0","0"
"1","23A","4010301","1","0046","SORAH WASHIYAMA","F","2008",12,20,"mugimugi","408","5","7","2","","  3  6   ","1234 ","1234 ","1  4 ","    5","    5","    5","1","1","0","1","1","2","1","0","1","1"
"1","23A","4010301","1","0047","ZIXING WEI","M","1992",11,04,"37608437","107","4","7","3","","  3  67  ","1234 ","    5","    5","    5","    5","    5","0","1","0","0","0","0","1","0","0","0"
"4","23A","4010301","4","0051","KAREN WIKOFF","F","1957",12,17,"20233000","408","6","6","5","5","1   5 78 ","1234 ","1234 ","1234 ","123  ","1234 ","1234 ","0","0","0","0","1","0","0","0","0","1"
"5","23A","4010301","5","0048","JAMISON WILLIAMS","M","1989",11,02,"Nihongo3","408","5","3","3","","   4  78 ","1234 ","    5","    5","    5","1    ","    5","0","0","0","0","0","0","0","0","0","0"
"2","23A","4010301","2","0072","JARID WILLIAMS","M","1998",02,09,"Nihongo","408","5","6","5","6"," 234 678 ","    5","1234 ","    5","    5","    5","    5","0","0","0","0","0","0","0","0","0","0"
"5","23A","4010301","5","0049","BEN CHI YAN WONG","M","2003",04,29,"Taurus29","107","6","7","3","","1 34 67  ","1234 ","  34 ","    5","    5","    5","    5","0","0","0","0","0","0","0","0","0","0"
"1","23A","4010301","1","0048","TRUMAN WOURNELL","M","2000",05,16,"331902023","408","6","6","6","","1 34     ","1    ","1    ","    5","    5","    5","    5","0","0","0","0","0","0","0","0","0","0"
"2","23A","4010301","2","0073","YUQING WU","F","2002",03,29,"20020329","107","6","2","3","","123      ","    5","    5","    5","    5","    5","    5","0","0","0","0","0","0","0","0","0","0"
"2","23A","4010301","2","0074","KAIHAO YANG","M","1999",12,09,"15792643","107","6","7","6","","1 3 5678 ","    5","  34 ","    5","    5","    5","    5","0","0","0","0","0","0","0","0","0","0"
"1","23A","4010301","1","0049","YAOYU YANG","M","2001",10,19,"20011019","107","5","7","3","","1 345 7  ","1234 ","1234 ","    5","    5","    5","    5","0","1","0","0","0","0","1","0","0","0"
"1","23A","4010301","1","0050","YINING YANG","F","1999",08,18,"rico7709P","107","4","7","3",""," 234567  ","1234 ","1234 ","    5","    5","    5","    5","1","1","0","0","0","2","1","0","0","0"
"3","23A","4010301","3","0037","KIN MAN YEUNG","M","1979",08,19,"Airpenny23","107","6","7","5","6"," 23  6   ","    5","    5","    5","    5","    5","    5","0","0","0","0","0","0","0","0","0","0"
"1","23A","4010301","1","0051","PENG YI","M","1998",08,13,"Aa454545","107","6","5","3",""," 2 4  7  ","1    "," 2   ","    5","    5","    5","    5","0","0","0","0","0","0","0","0","0","0"
"5","23A","4010301","5","0050","CARLA YOUNG","F","2005",11,09,"kittens7","408","2","5","2","","  3 567  ","1234 ","1  4 ","    5","    5","    5","    5","0","0","0","0","0","0","0","0","0","0"
"1","23A","4010301","1","0052","BO ZHANG","M","1995",03,10,"2013158010Zb","107","6","5","3","","  3      ","1    ","1    ","    5","    5","    5","    5","0","1","0","0","0","0","1","0","0","0"
"2","23A","4010301","2","0075","XIYU ZHANG","M","1990",05,10,"Zxy641197!","107","6","7","5","","1 3      ","    5","    5","    5","    5","    5","    5","0","0","0","0","0","0","0","0","0","0"
"3","23A","4010301","3","0038","JINHAI ZHENG","M","2004",06,10,"44886699","107","2","7","2","","123      ","1234 ","1    ","    5","    5","    5","    5","0","0","0","0","0","0","0","0","0","0"
"4","23A","4010301","4","0052","YUNHAO ZHENG","M","1998",05,31,"2037461!","107","6","7","5","2"," 23  67  ","    5","1234 ","    5","    5","    5","    5","0","0","0","0","0","0","0","0","0","0"
"5","23A","4010301","5","0051","ZHENXI ZHONG","M","2005",02,20,"Frankie22","408","2","7","2","","1234  7  ","1234 ","1234 ","    5","    5","    5","    5","0","0","0","0","0","0","0","0","0","0"
"3","23A","4010301","3","0039","ZHIXING ZHU","M","2000",04,07,"20000407","107","6","2","3","","1 34   8 ","    5","    5","    5","    5","    5","    5","0","0","0","0","0","0","0","0","0","0"
"1","23A","4010301","1","0053","RUOQI ZUO","M","2023",11,09,"20021109","107","6","6","4","","        9","    5","    5","    5","    5","    5","    5","0","0","1","0","0","0","0","1","0","0"
"2","23A","4010301","2","0076","KAYLA ZURAKOWSKI","F","2001",04,06,"BOTW18!","408","4","6","3","","1 3   7  ","1234 ","1234 ","    5","    5","    5","    5","0","0","0","0","0","0","0","0","0","0"
